CFTC_Contract_Market_Code;Market_and_Exchange_Names;Market_Ticker;Include
132741;EURODOLLARS-3M - CHICAGO MERCANTILE EXCHANGE;GE=F;1
134741;SOFR-3M - CHICAGO MERCANTILE EXCHANGE;SR3=F;1
023391;NAT GAS ICE LD1 - ICE FUTURES ENERGY DIV;NG=F;1
023392;NAT GAS ICE PEN - ICE FUTURES ENERGY DIV;NG=F;1
043602;UST 10Y NOTE - CHICAGO BOARD OF TRADE;ZN=F;1
044601;UST 5Y NOTE - CHICAGO BOARD OF TRADE;ZF=F;1
13874A;E-MINI S&P 500 - CHICAGO MERCANTILE EXCHANGE;ES=F;1
067651;WTI-PHYSICAL - NEW YORK MERCANTILE EXCHANGE;CL=F;1
002602;CORN - CHICAGO BOARD OF TRADE;ZC=F;1
042601;UST 2Y NOTE - CHICAGO BOARD OF TRADE;ZT=F;1
045601;FED FUNDS - CHICAGO BOARD OF TRADE;ZQ=F;1
02365U;EUR STYLE NATURAL GAS OPTIONS - NEW YORK MERCANTILE EXCHANGE;NG=F;1
020601;UST BOND - CHICAGO BOARD OF TRADE;ZB=F;1
020604;ULTRA UST BOND - CHICAGO BOARD OF TRADE;UB=F;1
043607;ULTRA UST 10Y - CHICAGO BOARD OF TRADE;TN=F;1
023651;NAT GAS NYME - NEW YORK MERCANTILE EXCHANGE;NG=F;1
244042;MSCI EM INDEX - ICE FUTURES U.S.;MME=F;1
080732;SUGAR NO. 11 - ICE FUTURES U.S.;SB=F;1
005602;SOYBEANS - CHICAGO BOARD OF TRADE;ZS=F;1
023396;AECO FIN BASIS - ICE FUTURES ENERGY DIV;;0
099741;EURO FX - CHICAGO MERCANTILE EXCHANGE;6E=F;1
0233A3;DOMINION - SOUTH POINT (BASIS) - ICE FUTURES ENERGY DIV;;0
067411;CRUDE OIL, LIGHT SWEET-WTI - ICE FUTURES EUROPE;CL=F;1
0643DF;PJM WESTERN HUB RT PEAK MINI - ICE FUTURES ENERGY DIV;;0
023398;HSC FIN BASIS - ICE FUTURES ENERGY DIV;;0
13874+;S&P 500 Consolidated - CHICAGO MERCANTILE EXCHANGE;ES=F;1
088691;GOLD - COMMODITY EXCHANGE INC.;GC=F;1
239742;RUSSELL E-MINI - CHICAGO MERCANTILE EXCHANGE;RTY=F;1
023399;WAHA FIN BASIS - ICE FUTURES ENERGY DIV;;0
03565B;HENRY HUB - NEW YORK MERCANTILE EXCHANGE;NG=F;1
007601;SOYBEAN OIL - CHICAGO BOARD OF TRADE;ZL=F;1
001602;WHEAT-SRW - CHICAGO BOARD OF TRADE;ZW=F;1
023A55;HENRY HUB LAST DAY FIN - NEW YORK MERCANTILE EXCHANGE;NG=F;1
026603;SOYBEAN MEAL - CHICAGO BOARD OF TRADE;ZM=F;1
244041;MSCI EAFE - ICE FUTURES U.S.;MFS=F;1
209742;NASDAQ MINI - CHICAGO MERCANTILE EXCHANGE;NQ=F;1
134742;SOFR-1M - CHICAGO MERCANTILE EXCHANGE;SR1=F;1
02339U;CIG ROCKIES BASIS - ICE FUTURES ENERGY DIV;;0
057642;LIVE CATTLE - CHICAGO MERCANTILE EXCHANGE;LE=F;1
0233DR;TETCO M2 Basis (Receipts) - ICE FUTURES ENERGY DIV;;0
073732;COCOA - ICE FUTURES U.S.;CC=F;1
023397;CHICAGO FIN BASIS - ICE FUTURES ENERGY DIV;;0
111659;GASOLINE RBOB - NEW YORK MERCANTILE EXCHANGE;RB=F;1
0233A8;EP SAN JUAN BASIS - ICE FUTURES ENERGY DIV;;0
097741;JAPANESE YEN - CHICAGO MERCANTILE EXCHANGE;6J=F;1
011700;VIX FUTURES - CBOE FUTURES EXCHANGE;%5EVIX;1
096742;BRITISH POUND - CHICAGO MERCANTILE EXCHANGE;6B=F;1
033661;COTTON NO. 2 - ICE FUTURES U.S.;CT=F;1
0233B1;NGPL TXOK BASIS - ICE FUTURES ENERGY DIV;;0
02339Y;CG Mainline Basis - ICE FUTURES ENERGY DIV;;0
023395;NWP ROCKIES FIN BASIS - ICE FUTURES ENERGY DIV;;0
083731;COFFEE C - ICE FUTURES U.S.;KC=F;1
0233AM;HOUSTON SHIP CHANNEL (INDEX) - ICE FUTURES ENERGY DIV;;0
13874U;MICRO E-MINI S&P 500 INDEX - CHICAGO MERCANTILE EXCHANGE;ES=F;1
022651;NY HARBOR ULSD - NEW YORK MERCANTILE EXCHANGE;HOT=F;1
0063CH;PJM TRI-RECs CLASS 1 - ICE FUTURES ENERGY DIV;;0
054642;LEAN HOGS - CHICAGO MERCANTILE EXCHANGE;HE=F;1
0233AQ;MICHCON BASIS - ICE FUTURES ENERGY DIV;;0
023A56;HENRY HUB PENULTIMATE FIN - NEW YORK MERCANTILE EXCHANGE;NG=F;1
095741;MEXICAN PESO - CHICAGO MERCANTILE EXCHANGE;6M=F;1
064FKE;PJM.WESTERN HUB_month_on_rtp - NODAL EXCHANGE;;0
064FHK;PJM.WESTERN HUB_month_on_dap - NODAL EXCHANGE;;0
0233EB;REX ZONE 3 BASIS - ICE FUTURES ENERGY DIV;;0
03565C;HENRY HUB PENULTIMATE NAT GAS - NEW YORK MERCANTILE EXCHANGE;NG=F;1
02339W;TCO Basis - ICE FUTURES ENERGY DIV;;0
43874A;S&P 500 ANNUAL DIVIDEND INDEX - CHICAGO MERCANTILE EXCHANGE;ES=F;1
064FHL;PJM.WESTERN HUB_month_off_dap - NODAL EXCHANGE;;0
0233CH;TETCO M3 BASIS - ICE FUTURES ENERGY DIV;;0
13874W;ADJUSTED INT RATE S&P 500 TOTL - CHICAGO MERCANTILE EXCHANGE;ES=F;1
0063D9;CALIF CARBON 22 - ICE FUTURES ENERGY DIV;;0
085692;COPPER- #1 - COMMODITY EXCHANGE INC.;HG=F;1
001612;WHEAT-HRW - CHICAGO BOARD OF TRADE;KE=F;1
064394;PJM WESTERN HUB RT OFF - ICE FUTURES ENERGY DIV;;0
023393;SOCAL BORDER FIN BASIS - ICE FUTURES ENERGY DIV;;0
0233CU;TRANSCO ZONE 6 BASIS - ICE FUTURES ENERGY DIV;;0
0063CC;NJ SRECS - ICE FUTURES ENERGY DIV;;0
06765T;BRENT LAST DAY - NEW YORK MERCANTILE EXCHANGE;BZ=F;1
24477G;MSCI EM ASIA MINI NTR INDEX - ICE FUTURES U.S.;ASN=F;1
064FKF;PJM.WESTERN HUB_month_off_rtp - NODAL EXCHANGE;;0
090741;CANADIAN DOLLAR - CHICAGO MERCANTILE EXCHANGE;6C=F;1
232741;AUSTRALIAN DOLLAR - CHICAGO MERCANTILE EXCHANGE;6A=F;1
023394;PG&E CITYGATE FIN BASIS - ICE FUTURES ENERGY DIV;;0
0233AH;HENRY HUB INDEX - ICE FUTURES ENERGY DIV;NG=F;1
084691;SILVER - COMMODITY EXCHANGE INC.;SI=F;1
135731;CANOLA - ICE FUTURES U.S.;;0
342601;2 YEAR ERIS SWAP - CHICAGO BOARD OF TRADE;LIT=F;1
0233BH;MALIN (BASIS) - ICE FUTURES ENERGY DIV;;0
06439R;ERCOT NORTH 345KV RT PK FIX - ICE FUTURES ENERGY DIV;;0
0676A5;WTI  HOUSTON ARGUS/WTI TR MO - NEW YORK MERCANTILE EXCHANGE;CL=F;1
06765A;WTI FINANCIAL CRUDE OIL - NEW YORK MERCANTILE EXCHANGE;CL=F;1
0233BB;NNG VENTURA BASIS - ICE FUTURES ENERGY DIV;;0
0233AG;HENRY HUB BASIS - ICE FUTURES ENERGY DIV;;0
067A71;WTI MIDLAND ARGUS VS WTI TRADE - NEW YORK MERCANTILE EXCHANGE;CL=F;1
209747;MICRO E-MINI NASDAQ-100 INDEX - CHICAGO MERCANTILE EXCHANGE;MNQ=F;1
06665O;PROPANE - NEW YORK MERCANTILE EXCHANGE;;0
0233BL;PANHANDLE BASIS - ICE FUTURES ENERGY DIV;;0
0233A5;EL PASO - PERMIAN BASIN BASIS - ICE FUTURES ENERGY DIV;;0
0233AY;NGPL MIDCONT BASIS - ICE FUTURES ENERGY DIV;;0
02339E;ALGONQUIN CITYGATES BASIS - ICE FUTURES ENERGY DIV;;0
06742U;ARGUS WTI Mid/WTI TRADE MONTH - ICE FUTURES ENERGY DIV;;0
067657;CRUDE OIL CAL SPREAD OPTIONS - NEW YORK MERCANTILE EXCHANGE;CL=F;1
0643DC;PJM WESTERN HUB DA PEAK - ICE FUTURES ENERGY DIV;;0
06765C;CRUDE OIL AVG PRICE OPTIONS - NEW YORK MERCANTILE EXCHANGE;CL=F;1
0233DT;TRANSCO LEIDY BASIS - ICE FUTURES ENERGY DIV;;0
064DLW;PJM.AEP-DAYTON HUB_mo_on_dap - NODAL EXCHANGE;;0
0643BG;ISO NE MASS HUB DA PEAK - ICE FUTURES ENERGY DIV;;0
06765L;WTI-BRENT CALENDAR - NEW YORK MERCANTILE EXCHANGE;CL=F;1
06439F;PJM AEP DAYTON DA PEAK - ICE FUTURES ENERGY DIV;;0
064DLX;PJM.AEP-DAYTON HUB_mo_off_dap - NODAL EXCHANGE;;0
064AAA;ISONE.H.INTERNAL_HUB_mo_on_dap - NODAL EXCHANGE;;0
0233CW;TRANSCO STATION 85-ZONE 4 BASI - ICE FUTURES ENERGY DIV;;0
0643DB;PJM WESTERN HUB DA OFF-PK - ICE FUTURES ENERGY DIV;;0
0643A8;ERCOT - NORTH MONTHLY OFF-PEAK - ICE FUTURES ENERGY DIV;;0
064FOK;ERCOT.HB_NORTH_month_on_rtp - NODAL EXCHANGE;;0
0233CM;TGT ZONE 1 BASIS - ICE FUTURES ENERGY DIV;;0
064395;SP15 FIN DA PEAK FIXED - ICE FUTURES ENERGY DIV;;0
124603;DJIA x $5 - CHICAGO BOARD OF TRADE;YM=F;1
0063DZ;RGGI V2022-ICE - ICE FUTURES ENERGY DIV;;0
0233AT;NAT GAS LD1 for GDD -TEXOK - ICE FUTURES ENERGY DIV;;0
0233BC;NWP SUMAS BASIS - ICE FUTURES ENERGY DIV;;0
20974+;NASDAQ-100 Consolidated - CHICAGO MERCANTILE EXCHANGE;NQ=F;1
06439C;PJM AEP DAYTON HUB DA OFF-PK  - ICE FUTURES ENERGY DIV;;0
001626;WHEAT-HRSpring - MINNEAPOLIS GRAIN EXCHANGE;ZW=F;1
221602;BBG COMMODITY - CHICAGO BOARD OF TRADE;AW=F;1
102741;BRAZILIAN REAL - CHICAGO MERCANTILE EXCHANGE;6L=F;1
06741Q;WTI CRUDE OIL 1ST LINE - ICE FUTURES ENERGY DIV;CL=F;1
064AAB;ISONE.H.INTERNAL_HB_mo_off_dap - NODAL EXCHANGE;;0
0643BF;ISO NE MASS HUB DA OFF-PK FIXD - ICE FUTURES ENERGY DIV;;0
076651;PLATINUM - NEW YORK MERCANTILE EXCHANGE;PL=F;1
246605;10 YEAR DELIVERABLE IR - CHICAGO BOARD OF TRADE;;0
064EUY;PJM.PECO_month_on_dap - NODAL EXCHANGE;;0
0233CG;TETCO M3 INDEX - ICE FUTURES ENERGY DIV;;0
098662;USD INDEX - ICE FUTURES U.S.;DX=F;1
06641G;PROPANE OPIS MT BELVIEU TET FP - ICE FUTURES ENERGY DIV;;0
0233CV;TRANSCO ZONE 6 MONTHLY INDEX - ICE FUTURES ENERGY DIV;;0
112741;NZ DOLLAR - CHICAGO MERCANTILE EXCHANGE;6N=F;1
064EUZ;PJM.PECO_month_off_dap - NODAL EXCHANGE;;0
06439B;PJM AEP DAYTON RT PEAK FIXED - ICE FUTURES ENERGY DIV;;0
023A84;NATURAL GAS CAL SPREAD OPT FIN - NEW YORK MERCANTILE EXCHANGE;NG=F;1
240743;NIKKEI STOCK AVERAGE YEN DENOM - CHICAGO MERCANTILE EXCHANGE;NIY=F;1
0233D4;WAHA INDEX - ICE FUTURES ENERGY DIV;;0
06765Z;WTI-BRENT SPREAD OPTION - NEW YORK MERCANTILE EXCHANGE;CL=F;1
0643BM;CAISO NP-15 PEAK - ICE FUTURES ENERGY DIV;;0
0643B3;MISO INDIANA HUB RT PEAK - ICE FUTURES ENERGY DIV;;0
06765B;EUR STYLE CRUDE OIL OPTIONS - NEW YORK MERCANTILE EXCHANGE;CL=F;1
061641;FEEDER CATTLE - CHICAGO MERCANTILE EXCHANGE;GF=F;1
33874A;E-MINI S&P 400 STOCK INDEX - CHICAGO MERCANTILE EXCHANGE;EMD=F;1
0643BR;CAISO NP-15 DA OFF-PK FIXED - ICE FUTURES ENERGY DIV;;0
0643ID;ERCOT N 345KV REAL T PK 2x16 - ICE FUTURES ENERGY DIV;;0
064EXE;PJM.PSEG_month_on_dap - NODAL EXCHANGE;;0
064396;CAISO SP-15 DA OFF-PK FIXED - ICE FUTURES ENERGY DIV;;0
06439A;PJM AEP DAYTON RT OFF-PK FIXED - ICE FUTURES ENERGY DIV;;0
092741;SWISS FRANC - CHICAGO MERCANTILE EXCHANGE;6S=F;1
344601;5 YEAR ERIS SWAP - CHICAGO BOARD OF TRADE;LIW=F;1
064FKA;PJM.AEP-DAYTON HUB_mo_on_rtp - NODAL EXCHANGE;;0
052641;MILK, Class III - CHICAGO MERCANTILE EXCHANGE;DC=F;1
0643D8;PJM PPL ZONE DA PEAK - ICE FUTURES ENERGY DIV;;0
064FKB;PJM.AEP-DAYTON HUB_mo_off_rtp - NODAL EXCHANGE;;0
0233AN;MICHCON FINANCIAL INDEX - ICE FUTURES ENERGY DIV;;0
064EXF;PJM.PSEG_month_off_dap - NODAL EXCHANGE;;0
124606;DOW JONES U.S. REAL ESTATE IDX - CHICAGO BOARD OF TRADE;RX=F;1
06665P;MT BELVIEU ETHANE OPIS - NEW YORK MERCANTILE EXCHANGE;AC0=F;1
0233FJ;Transco Zone 5 South Basis - ICE FUTURES ENERGY DIV;;0
064EWU;PJM.PPL_month_on_dap - NODAL EXCHANGE;;0
064ERN;PJM.N ILLINOIS HUB_mo_off_dap - NODAL EXCHANGE;;0
0643D7;PJM PPL ZONE DA OFF-PEAK FIXED - ICE FUTURES ENERGY DIV;;0
06665Q;MT BELV NORM BUTANE OPIS - NEW YORK MERCANTILE EXCHANGE;;0
064FKD;PJM.N ILLINOIS HUB_mo_off_rtp - NODAL EXCHANGE;;0
138749;E-MINI S&P ENERGY INDEX - CHICAGO MERCANTILE EXCHANGE;ES=F;1
064EWV;PJM.PPL_month_off_dap - NODAL EXCHANGE;;0
0063DX;CALIF CARBON 23 - ICE FUTURES ENERGY DIV;;0
064ERM;PJM.N ILLINOIS HUB_mo_on_dap - NODAL EXCHANGE;;0
239747;MICRO E-MINI RUSSELL 2000 INDX - CHICAGO MERCANTILE EXCHANGE;M2K=F;1
064FKC;PJM.N ILLINOIS HUB_mo_on_rtp - NODAL EXCHANGE;;0
0063DB;CALIF CARBON CURRENT AUCTION - ICE FUTURES ENERGY DIV;;0
06439V;ERCOT WEST 345KV RT PEAK - ICE FUTURES ENERGY DIV;;0
0643BT;PJM N. IL HUB RT PEAK - ICE FUTURES ENERGY DIV;;0
02339Q;CHICAGO CITYGATE (INDEX) - ICE FUTURES ENERGY DIV;;0
0233A2;DOMINION - SOUTH POINT - ICE FUTURES ENERGY DIV;;0
0643BS;PJM NI HUB RT OFF-PK FIXED - ICE FUTURES ENERGY DIV;;0
122741;SO AFRICAN RAND - CHICAGO MERCANTILE EXCHANGE;6Z=F;1
06439L;MISO IN. REAL-TIME OFF-PEAK - ICE FUTURES ENERGY DIV;;0
037021;USD Malaysian Crude Palm Oil C - CHICAGO MERCANTILE EXCHANGE;CPO=F;1
12460+;DJIA Consolidated - CHICAGO BOARD OF TRADE;YM=F;1
0643IK;ERCOT North 345KV Hub RT 7x8 - ICE FUTURES ENERGY DIV;;0
06742G;CRUDE DIFF-TMX WCS 1A INDEX - ICE FUTURES ENERGY DIV;;0
06439W;ERCOT WEST 345K RT OFF-PEAK - ICE FUTURES ENERGY DIV;;0
06439N;ERCOT HOUSTON 345KV RT PK FIX - ICE FUTURES ENERGY DIV;;0
0063DN;MARYLAND SOLAR REC - ICE FUTURES ENERGY DIV;;0
0643BE;PJM N. IL HUB DA PEAK - ICE FUTURES ENERGY DIV;;0
064FJY;MISO.INDIANA.HUB_month_on_rtp - NODAL EXCHANGE;;0
06641F;PROPANE OPIS MT BELV NONTET FP - ICE FUTURES ENERGY DIV;;0
06665G;PROPANE NON-LDH MT BEL - NEW YORK MERCANTILE EXCHANGE;B0K=F;1
06439S;ERCOT SOUTH 345 KV RT PEAK FIX - ICE FUTURES ENERGY DIV;;0
0643IB;ERCOT N 345KV REAL T PK DALY M - ICE FUTURES ENERGY DIV;;0
0643BC;PJM N. IL HUB DA OFF-PK - ICE FUTURES ENERGY DIV;;0
0643AZ;MISO IN. DAY-AHEAD PEAK - ICE FUTURES ENERGY DIV;;0
06665R;MT BELV NAT GASOLINE OPIS - NEW YORK MERCANTILE EXCHANGE;NG=F;1
06439Q;ERCOT Houston 345KV RT OFF FIX - ICE FUTURES ENERGY DIV;;0
0233DV;TRANSCO ZONE 5 BASIS - ICE FUTURES ENERGY DIV;;0
066416;ETHANE, MT. BELV-ENTERPRISE - ICE FUTURES ENERGY DIV;;0
06439U;ERCOT-SOUTH MONTHLY OFFPEAK - ICE FUTURES ENERGY DIV;;0
299741;EURO FX/BRITISH POUND XRATE - CHICAGO MERCANTILE EXCHANGE;EURGBP=X;1
239744;EMINI RUSSELL 1000 VALUE INDEX - CHICAGO MERCANTILE EXCHANGE;RSV=F;1
064391;MID-C DAY-AHEAD PEAK - ICE FUTURES ENERGY DIV;;0
088695;MICRO GOLD - COMMODITY EXCHANGE INC.;MGC=F;1
064EJI;PJM.JCPL_month_on_dap - NODAL EXCHANGE;;0
0643C3;NYISO ZONE G DA PEAK - ICE FUTURES ENERGY DIV;;0
025651;ETHANOL - NEW YORK MERCANTILE EXCHANGE;CU=F;1
005603;MINI SOYBEANS - CHICAGO BOARD OF TRADE;XK=F;1
063642;CHEESE (CASH-SETTLED) - CHICAGO MERCANTILE EXCHANGE;CSC=F;1
146022;MICRO ETHER  - CHICAGO MERCANTILE EXCHANGE;MET=F;1
0063DA;PA SOLAR ALTER ENERGY CREDIT - ICE FUTURES ENERGY DIV;;0
022A13;UP DOWN GC ULSD VS HO SPR - NEW YORK MERCANTILE EXCHANGE;;0
064DPR;PJM.BGE_month_off_dap - NODAL EXCHANGE;;0
064DPQ;PJM.BGE_month_on_dap - NODAL EXCHANGE;;0
0233DW;TETCO M2 Index (Receipts) - ICE FUTURES ENERGY DIV;;0
13874C;E-MINI S&P FINANCIAL INDEX - CHICAGO MERCANTILE EXCHANGE;ES=F;1
064FZA;PJM.ATSI_month_on_dap - NODAL EXCHANGE;;0
06439K;MISO INDIANA  OFF-PEAK - ICE FUTURES ENERGY DIV;;0
0063DM;MARYLAND COMPLIANCE REC TIER1 - ICE FUTURES ENERGY DIV;;0
192651;STEEL-HRC - COMMODITY EXCHANGE INC.;HRC=F;1
064CXO;NYISO.HUD VL_month_on_dap - NODAL EXCHANGE;;0
064EJJ;PJM.JCPL_month_off_dap - NODAL EXCHANGE;;0
064FZB;PJM.ATSI_month_off_dap - NODAL EXCHANGE;;0
0233BA;NNG DEMARC BASIS - ICE FUTURES ENERGY DIV;;0
157741;THREE-MONTH BLOOMBERG  ST BANK - CHICAGO MERCANTILE EXCHANGE;;0
083736;COFFEE CALENDAR SPREAD OPTIONS - ICE FUTURES U.S.;KC=F;1
064392;MID-C DAY-AHEAD OFF-PEAK - ICE FUTURES ENERGY DIV;;0
13874J;E-MINI S&P UTILITIES INDEX - CHICAGO MERCANTILE EXCHANGE;ES=F;1
06665T;CONWAY PROPANE (OPIS) - NEW YORK MERCANTILE EXCHANGE;CPB=F;1
399741;EURO FX/JAPANESE YEN XRATE - CHICAGO MERCANTILE EXCHANGE;EURJPY=X;1
191693;ALUMINUM MWP - COMMODITY EXCHANGE INC.;ALI=F;1
0643BY;NYISO ZONE A DA PEAK - ICE FUTURES ENERGY DIV;;0
0643C4;NYISO ZONE G DA OFF-PK - ICE FUTURES ENERGY DIV;;0
0233BD;NWP Rockies Index - ICE FUTURES ENERGY DIV;;0
089741;RUSSIAN RUBLE - CHICAGO MERCANTILE EXCHANGE;6R=F;1
0233ED;REX ZONE 3 INDEX - ICE FUTURES ENERGY DIV;;0
064BFI;MISO.INDIANA.HUB_month_on_dap - NODAL EXCHANGE;;0
064EVG;PJM.PEPCO_month_on_dap - NODAL EXCHANGE;;0
0233BM;PANHANDLE EASTERN- POOL GAS (INDEX) - ICE FUTURES ENERGY DIV;;0
064DEU;NYISO.WEST_month_on_dap - NODAL EXCHANGE;;0
052644;CME MILK IV - CHICAGO MERCANTILE EXCHANGE;GDK=F;1
06739C;CRUDE DIFF-WCS HOUSTON/WTI 1ST - ICE FUTURES ENERGY DIV;;0
064EVH;PJM.PEPCO_month_off_dap - NODAL EXCHANGE;;0
13874E;E-MINI S&P HEALTH CARE INDEX - CHICAGO MERCANTILE EXCHANGE;ES=F;1
00665T;CBL NATURE GLOBAL EMISSIONS - NEW YORK MERCANTILE EXCHANGE;NGO=F;1
064BFJ;MISO.INDIANA.HUB_month_off_dap - NODAL EXCHANGE;;0
02141B;USGC HSFO (PLATTS) - ICE FUTURES ENERGY DIV;;0
0233AW;ALGONQUIN CITYGATES INDEX - ICE FUTURES ENERGY DIV;;0
064CXP;NYISO.HUD VL_month_off_dap - NODAL EXCHANGE;;0
0643DL;PJM PSEG DAY-AHEAD PEAK - ICE FUTURES ENERGY DIV;;0
06742T;CRUDE DIFF-TMX SW 1A INDEX - ICE FUTURES ENERGY DIV;;0
111A34;GULF COAST CBOB GAS A2 PL RBOB - NEW YORK MERCANTILE EXCHANGE;RB=F;1
240741;NIKKEI STOCK AVERAGE - CHICAGO MERCANTILE EXCHANGE;NIY=F;1
133742;MICRO BITCOIN - CHICAGO MERCANTILE EXCHANGE;MBT=F;1
040701;FRZN CONCENTRATED ORANGE JUICE - ICE FUTURES U.S.;OJ=F;1
0643DM;PJM PSEG DA OFF-PK FIXED PRICE - ICE FUTURES ENERGY DIV;;0
024656;COAL (API 2) CIF ARA - NEW YORK MERCANTILE EXCHANGE;MTF=F;1
0643CZ;PJM PECO ZONE DA PEAK - ICE FUTURES ENERGY DIV;;0
064CZS;NYISO.N.Y.C._month_on_dap - NODAL EXCHANGE;;0
0643CB;PALO VERDE DA PEAK - ICE FUTURES ENERGY DIV;;0
0643CC;PALO VERDE DA OFF-PK FiXED PR - ICE FUTURES ENERGY DIV;;0
191696;ALUMINIUM EURO PREM DUTY-PAID - COMMODITY EXCHANGE INC.;ALI=F;1
0643BZ;NYISO ZONE A DA OFF-PK FIX PR - ICE FUTURES ENERGY DIV;;0
0063DT;PA COMPLIANCE AECs TIER1 - ICE FUTURES ENERGY DIV;;0
138748;E-MINI S&P CONSU STAPLES INDEX - CHICAGO MERCANTILE EXCHANGE;ES=F;1
0643BX;NYISO ZONE J DA OFF-PK FIXED - ICE FUTURES ENERGY DIV;;0
0063CA;CALIF CARBON VINTAGE 2020 - ICE FUTURES ENERGY DIV;;0
050642;BUTTER (CASH SETTLED) - CHICAGO MERCANTILE EXCHANGE;CB=F;1
06641D;BUTANE OPIS MT BELV NONTET FP  - ICE FUTURES ENERGY DIV;;0
052642;NON FAT DRY MILK - CHICAGO MERCANTILE EXCHANGE;GNF=F;1
02141C;FUEL OIL-3% USGC/3.5% FOB RDAM - ICE FUTURES ENERGY DIV;;0
039601;ROUGH RICE - CHICAGO BOARD OF TRADE;ZR=F;1
133741;BITCOIN - CHICAGO MERCANTILE EXCHANGE;BTC=F;1
11165K;RBOB CALENDAR - NEW YORK MERCANTILE EXCHANGE;RB=F;1
0643BW;NYISO ZONE J DA PEAK - ICE FUTURES ENERGY DIV;;0
06641A;NAT GASLNE OPIS MT B NONTET FP - ICE FUTURES ENERGY DIV;;0
06641E;PROPANE OPIS CONWAY INWELL FP - ICE FUTURES ENERGY DIV;;0
86465A;GULF JET NY HEAT OIL SPR - NEW YORK MERCANTILE EXCHANGE;HO=F;1
00160F;BLACK SEA WHEAT FINANCIAL - CHICAGO BOARD OF TRADE;BWF=F;1
0063DL;MASS COMPLIANCE RECs CLASS 1 - ICE FUTURES ENERGY DIV;;0
0063DK;CT RECs CLASS 1 - ICE FUTURES ENERGY DIV;;0
064CZT;NYISO.N.Y.C._month_off_dap - NODAL EXCHANGE;;0
0063DW;RGGI VINTAGE 2021 - ICE FUTURES ENERGY DIV;;0
0643D1;PJM PECO DA OFFPK FIXED - ICE FUTURES ENERGY DIV;;0
064EOW;PJM.METED_month_on_dap - NODAL EXCHANGE;;0
064EOX;PJM.METED_month_off_dap - NODAL EXCHANGE;;0
067A75;WCS OIL NET ENERGY MONTHLY IND - NEW YORK MERCANTILE EXCHANGE;CL=F;1
191694;ALUMINIUM EURO PREM DUTYUNPAID - COMMODITY EXCHANGE INC.;ALI=F;1
111416;RBOB GASOLINE 1ST LINE - ICE FUTURES ENERGY DIV;;0
06743A;CONDENSATE DIF-TMX C5 1A INDEX - ICE FUTURES ENERGY DIV;;0
257652;STEEL SCRAP - COMMODITY EXCHANGE INC.;;0
006NDF;PJM TRI-Q RECs CLASS 1 V2022 - NODAL EXCHANGE;;0
082744;CHINESE RENMINBI-HK (CNH) - CHICAGO MERCANTILE EXCHANGE;CNYHKD=X;1
075651;PALLADIUM - NEW YORK MERCANTILE EXCHANGE;PA=F;1
066413;ARGUS FAR EAST PROPANE - ICE FUTURES ENERGY DIV;;0
86665A;NAPHTHA CRACK SPR - NEW YORK MERCANTILE EXCHANGE;;0
06665S;MT BELV ISO-BUTANE 5 DEC - NEW YORK MERCANTILE EXCHANGE;MNB=F;1
021397;MARINE FUEL OIL 0.5% FOB USGC - ICE FUTURES ENERGY DIV;;0
04360Y;MICRO 10 YEAR YIELD - CHICAGO BOARD OF TRADE;10Y=F;1
025608;ETHANOL T2 FOB INCL DUTY - NEW YORK MERCANTILE EXCHANGE;CU=F;1
06665B;ARGUS PROPANE FAR EAST INDEX - NEW YORK MERCANTILE EXCHANGE;;0
006NFH;TX GREEN-E REC V24 FRONT HALF - NODAL EXCHANGE;;0
02141R;USGC HSFO-PLATTS/BRENT 1ST LN - ICE FUTURES ENERGY DIV;;0
021A72;MICRO SING FOB MARINE FUEL .5% - NEW YORK MERCANTILE EXCHANGE;;0
865392;MARINE .5% FOB USGC/BRENT 1st - ICE FUTURES ENERGY DIV;;0
004603;OATS - CHICAGO BOARD OF TRADE;ZO=F;1
021A65;MINI SING FOB MARINE FUEL 0.5% - NEW YORK MERCANTILE EXCHANGE;;0
02165A;GULF # 6 FUEL 3.0% SULFUR - NEW YORK MERCANTILE EXCHANGE;;0
006NG3;TX GREEN-E REC V24 BACK HALF - NODAL EXCHANGE;;0
006NFG;TX GREEN-E REC V23 FRONT HALF - NODAL EXCHANGE;;0
006NG1;TX GREEN-E REC V22 BACK HALF - NODAL EXCHANGE;;0
86465K;JET UP-DOWN BALMO - NEW YORK MERCANTILE EXCHANGE;;0
06665W;MT BELVIEU LDH PROPANE BALMO  - NEW YORK MERCANTILE EXCHANGE;;0
006NG2;TX GREEN-E REC V23 BACK HALF - NODAL EXCHANGE;;0
006NJZ;CBL GLOBAL EMISSIONS OFFSET - NEW YORK MERCANTILE EXCHANGE;GEO=F;1
146021;ETHER CASH SETTLED - CHICAGO MERCANTILE EXCHANGE;ETH=F;1
006NFF;TX GREEN-E REC V22 FRONT HALF - NODAL EXCHANGE;;0
06641H;PROPANE ARGUS SAUDI CP FP - ICE FUTURES ENERGY DIV;;0
006NFJ;TX GREEN-E REC V25 FRONT HALF - NODAL EXCHANGE;;0
006NG4;TX GREEN-E REC V25 BACK HALF - NODAL EXCHANGE;;0
058643;RANDOM LENGTH LUMBER - CHICAGO MERCANTILE EXCHANGE;LBS=F;1
066411;ARGUS CIF ARA Lg Finl Propane - ICE FUTURES ENERGY DIV;;0
251607;UREA (GRANULAR) FOB US GULF - CHICAGO BOARD OF TRADE;UFV=F;1
066393;PROPANE ARGUS FAR EAST MINI - ICE FUTURES ENERGY DIV;;0
066A21;MiniARGUS PROPANE FAR EAST INX - NEW YORK MERCANTILE EXCHANGE;;0
0063CJ;CALIF CARBON 21 - ICE FUTURES ENERGY DIV;;0
066391;PROPANE ARGUS CIF ARA MINI - ICE FUTURES ENERGY DIV;;0
03265J;Mini Eur Naphtha CIF NEW - NEW YORK MERCANTILE EXCHANGE;;0
06665A;ARGUS PROPANE SAUDI ARAMCO - NEW YORK MERCANTILE EXCHANGE;;0
06665Z;MT BELVIEU NORMAL BUTANE BALMO - NEW YORK MERCANTILE EXCHANGE;;0
86665E;MINI JAPAN C&F NAPHTHA - NEW YORK MERCANTILE EXCHANGE;;0
06639Z;PROPANE,OPIS MT BELV TET BALMO - ICE FUTURES ENERGY DIV;;0
